cancer,unique_asian_genes,common_genes,unique_black_genes
UCS,"UTP14C, ERCC6L2, OR7C1, RHOG, TRIM31, APLNR, IGLV3-19, NLRC5, CCND2, SLC24A1, LSM14B, ROBO4, IGHD, ARHGEF6, TSPAN32, DMRT2, TCF12, CEP250, KIF5B, DOCK8, TNFSF11, GLMN, KCNK10, KLHL24, LRRC3B, EEF1A1, DSC3, FAM208A, SAMD9L, PFN2, ZCCHC14, CCDC22, ARMC4, SCN11A, FOXI2, UHRF1BP1L, NDUFV2, KANSL1, PRMT3, TNFSF14, VCP, TFPI, ENAM, OR51E1, DKC1, KCNG1, CDH8, BCAR3, ADH1C, RPA1, TMEM254, BAP1, ARHGAP31, NOL11, TXNDC16, PSTPIP1, SLC8A1, RRN3P2, DAZL, KCTD16, COG6, EFCAB2, SNORD116-3, GULP1, PAIP2B, DPH3, CDH10, PKHD1L1, AHSG, PELO, FAM162A, ISG20L2, ME2, OTUD6B, VEPH1, FSTL5, FOXF1, TAF4B, RNF11, CLTC, ADH6, RNF2, ZFP37, OR13H1, NFKB1, LGSN, IFIT2, ACTR1B, AASDH, OR1S1, CHD6, CLSPN, ATP1A3, ARHGEF18, GSN, ITGB8, PIKFYVE, TAS2R9, CCNB3, C3orf35, CIPC, PUS10, NCAPG, PLAU, RAB18, PPIL6, CPSF6, FGD2, EXD2, MPP5, TIMP1, STK17B, CHRDL2, EFEMP1, MIPOL1, POLR2G, USP28, LCE1B, PCDHB14, TUBGCP5, ATP2B3, AP3D1, DNAJC3, TBX5, REST, MATN1, MAP2K4, PNKP, ZPLD1, TESK2, FAT1, REXO1, IZUMO1, OR5B3, CYP7A1, SNTG2, KNTC1, NPAS2, CXorf23, AC003958.2, NUDT4, PRRC2C, C9orf131, RAB22A, PPP3CB, BEST3, TMEM56, ZNF728, HARS, LYSMD3, MEPE, CPD, CAPN7, EHMT2, TMEM132D, GADL1, ANAPC1, C9orf43, ZRANB3, KITLG, SENP5, ZNF257, INTS8, DNAJC11, ZNF814, ZNF620, VN1R4, NKRF, C4orf50, FOXD4L6, KLRC3, IKBKB, TTLL2, HSP90B1, TIAM2, CACNA1I, COG7, ANKRD10, CBX6, DEFB118, FAM221B, SERPINA10, STRN4, GJA3, PHC2, TANGO6, OR52E6, PLEK, AZGP1, TRIM41, COL13A1, ERBB4, GLYAT, JMJD1C, DIS3L, CCER1, ELP6, ACCSL, LRRFIP1P1, CYP27B1, NUMA1, CSTF2, ZNF471, TSHR, OTULIN, MNAT1, ZNF473, MROH7, AADAC, TARS, MRVI1, RUSC1, NLRP12, LIMA1, FANCG, SZRD1, ZNF549, C14orf166, DMXL1, CLDN20, SSH2, GPCPD1, DNM1L, GPR155, GRPR, HTR3B, GPR88, HEMGN, CCDC73, DOCK7, IFT172, ENPP3, NUGGC, SLC35A3, TTC14, GPR32, CACNA1F, PLA1A, ACER2, ZNF276, GOLGA4, ABCG2, NEURL4, CCNYL1, PATL1, TEX15, ADPRH, ACTB, SCOC, TMEM68, CDCA7L, CTD-2374C24.1, CLEC4E, DNAJC13, LLNLR-249E10.1, SGK1, TAT, ENTPD1, TMLHE, IGFL3, CSNK2B-LY6G5B--991, RBFA, ADGRA3, PRSS42, TRBV4-2, TROAP, DLG4, DSEL, CTDSPL2, FBLN2, PIBF1, ADARB2, KCNN3, CCBE1, PCSK5, SYTL2, MCHR2, ISM1, ADH1B, FRMD6, LSM11, LGALSL, BPI, TTPA, KIF20B, ZNF445, ARHGEF10L, EPB42, AFAP1, NAP1L3, NOS3, CDK19, CACNG3, IFNL3, NPY4R, PELP1, POLE, LRRC1, FAF2, SMS, ZNF615, FBXL19, TBC1D8B, TBC1D22A, ANKRD20A1, MTM1, EDA, NDUFA11, MBD3L1, PAPPA, STRIP2, SLC35F1, ANKRD20A9P, SLC23A3, RNF146, NUFIP2, VPRBP, WDR89, PANK2, ANKRD34A, OR51G1, GZMB, IGLV3-22, KDM5B, TK1, ZW10, DDB1, ATF6, CATSPERB, RNF145, SATB1, GINS1, GALNT13, CEP192, ZDHHC22, POLR1B, APPBP2, MAP7D2, SFT2D1, YAE1D1, IL1RAP, TAS1R3, UMOD, ITIH2, FLT3, HERC3, SVOPL, CYTL1, UBR5, FRS2, HTR1B, XKRX, ZNF136, KLHDC2, MTRF1, NPY5R, LMAN2L, DDI1, NEDD9, TMEM251, ETV6, UGT2B15, FNBP4, IL12RB1, ANO1, HADH, IMPG2, TAS2R50, TMEM39A, CXorf66, MEGF11, MMP1, ZNF791, KLHL2, CLEC14A, ALG10, H2AFZ, KLHL15, HSPH1, KCNA10, MBD5, C16orf89, GALC, ARIH1, ANAPC2, ERC2, BMP2K, HIPK1, ZNF550, ZNF611, SLC9B2, RFPL4B, BDNF, FILIP1, CTSD, LINS, MADD, RP11-556N21.1, LRIG1, EFCAB5, KLHL9, SLC2A4, EPM2AIP1, PSPC1, C12orf74, CALM1, CSTF3, NADSYN1, N6AMT1, ZNF726, ITIH5, NFATC1, N4BP2, RFWD2, ANP32A, ARID4B, MYO3A, BST1, RGS22, SLC26A4, CDH17, OR7E24, CCDC185, SIRT2, ZNF608, IFIT5, USP8, PIP4K2B, SLC6A15, TMEM57, GALR1, FRRS1, NVL, HEPACAM2, ZNF484, CAPN13, GID4, SNX7, CEBPZ, NUP155, STXBP5, HNRNPAB, NAA15, PPP1R17, ENKD1, SORL1, TMC1, CLEC4GP1, WDYHV1, CELA2A, GRM8, KIAA0196, AFF1, CDH23, SMCHD1, GATA5, OR2T8, DDX55, ATG16L2, ZC2HC1A, NUDT7, KLHL30, KCNMB3, RNF168, ARG1, PRUNE2, TRMT10C, RPS4XP21, IGFBP4, BIN2, C1R, ADAMTS20, CREM, HIST1H2BO, ARHGEF9, HCN3, MAN2B2, PHACTR1, DIDO1, GAS2, TRIM51, XPO1, LMOD2, FST, CACNA1B, RPL34, SETD5, RIPK3, ALLC, ANKRD11, SLC9B1, POLI, ALOX12, NDFIP1, KCNQ5, KIAA0101, MICAL1, PITPNM3, TMC2, ACE, CDC14C, PRKRIP1, ACSL4, HEATR6, INSR, RNU6-614P, NR6A1, TUBA3E, ASB11, OR52N5, OAS2, XK, TAF8, MSN, GDPD4, PCDH20, RAD18, SPATA31A7, FRY, MKX, NR2C1, OR1S2, ELF2, CATSPERD, UBR3, LATS1, NFATC4, SLC5A2, ASF1A, ST8SIA6, OR6N2, SSR4, KBTBD3, ANGPT1, CPO, KIAA0319L, LRPPRC, ZNF594, FAM155A, CDK15, GRAMD1C, ZNF20, NT5C1B, DRG1, CACNG7, AGAP1, IL16, ABCC8, FLNA, PHKA1, TATDN2, BOP1, FBRS, CCDC34, COPS3, TYROBP, SLC6A1, CDH11, PLCE1, CKAP5, H2BFM, DLX5, CCDC93, TNIP3, KCNK9, ZIM3, GGA3, LRP12, TMEM132A, GABRG2, ZIC5, CNNM1, NOX3, LAMB2, TNKS1BP1, PLEC, CD163, CHL1, GRK4, ZNF443, COL1A2, KCTD3, FLG2, PLK4, SRSF3, DNMBP, PRKCG, MRE11A, RNF13, ZNF146, CLCA4, OR4F15, ZBED9, JAZF1, CASP8, CTGLF11P, UGT1A5, CAMKMT, RYR3, ARHGEF12, CYP2C9, MTF1, REL, MAK, SYNM, CRY2, TOMM5, NUP54, CC2D2B, PRPF38B, ZSCAN5A, RP11-96C23.10, AHSA1, WNT16, MEGF9, CADPS, PAGE4, RPS6KA5, TTLL7, ZFP91, FAM120B, C9orf24, CCNI, DYNLRB1, MAGEH1, BCKDHB, EEF1A2, GS1-124K5.12, NUP107, SCEL, ARSG, STIM2, GDF11, TEX35, PABPC1P2, EVA1C, ITCH, CEP290, SEMA5B, YES1, HSD3B2, SPATA20, TMEM164, KCNA5, CERS5, DEAF1, LAMB4, SCYL2, GABBR2, CDC27, PTPRR, KCNMB1, RENBP, SLC12A7, FNDC4, CNBD1, PCDHA9, EDEM1, HGSNAT, OR5D18, PDE2A, COL14A1, STAB1, TRIM25, HOXC10, LIPJ, SEPT6, MYOM1, ZNF267, ZNF10, PPIG, DUSP11, C10orf90, PCDHGA12, AP000349.2, ZFYVE27, CYP4F2, MIS12, CEP152, GIMAP7, UCHL5, PSG1, ZCCHC17, ZNF528, MON1A, GPR179, NUTF2, NLRC4, PNLIP, ZNF644, SUPT16H, CLEC10A, DHX36, STK4, MCM5, TSC22D3, SLFN13, NCOA7, TTC26, CHCHD5, TCEAL5, KIAA1755, SMPD4, FCER2, HAPLN1, TNNI3, C1orf54, GLRA1, ABCC1, ADAM15, MAN1A2, RNF130, RAG1, ZFAND4, ZNF418, ITGA8, MID2, MAPK10, GZMK, TBC1D1, MANSC1, OR2C3, NPHP3, PDK4, HSPD1, PMPCB, C20orf196, HMBOX1, PPM1M, KIAA1109, C15orf43, NDST4, C7orf60, WEE1, C11orf54, BMS1P20, CELSR2, DNAH1, GAD1, HECTD1, PDXDC2P, ZNF569, RSPH4A, MRPS14, ZNF227, CLCN7, LRRFIP2, TAS2R3, SPRY1, KIF23, KHDRBS2, PPFIA1, SLC16A4, ACADSB, EMILIN2, CYP4F8, MOGS, CT83, CYSLTR2, TET1, SP5, ATP12A, ZNF439, EGF, STRC, BRDT, NETO1, LMNB1, NCEH1, RYR1, ABI1, PLA2G1B, PTPRO, OSBPL3, POU2F3, PCDH19, PLA2G16, ERCC4, AIMP1, GRIK4, POLD2, ZNF709, UPF2, SART3, SNX22, TRIM37, CACUL1, MGARP, TXNDC9, OXCT1, FAM199X, FGG, ABCA5, ARMC4P1, CLEC5A, ZNF567, ALB, PIGF, OR2M4, HMGB2, ABCC6, TRIM68, POLR2B, FIBCD1, MRPL39, HERC2P3, WAPAL, MED14, NBEAL1, PCDHB1, JAKMIP1, GPC2, RBM12, PDZD7, CARTPT, AWAT1, PPM1L, ZMAT1, TCL1B, ATG2B, MYLK3, PRCP, TMPRSS13, MAN1C1, CASC5, PRDM9, GPR153, HLTF, RP11-385D13.1, BRWD3, RNF219, FAM171B, ZSCAN30, NUP62CL, ACTL6A, LAMB1, FLVCR1, ATR, GATA4, PROZ, OSTN, MORF4L2, FGF7, PLD5, ADCY7, CAST, CTSV, MYO16, RP11-407N17.3, CPVL, SLAMF1, ITPR1, CXorf38, MCM6, ATP1A2, POMC, SCN3B, KIRREL, ATF5, HSPB9, CYP4V2, CLCA1, WSB1, CA5B, CWC22, EML1, KCMF1, MB21D2, SSFA2, ZNF816, FREM1, NF1, CADM3, CLDND1, ODF2L, PLCB2, KIAA2026, SPEF2, ORAOV1, FAM3D, OPHN1, AKNAD1, DYM, NHLRC3, FAM217B, MIR6080, RNASE10, PKM, WDSUB1, FAM179B, OR10J5, PIP5K1B, DAK, PTRF, RACGAP1, CHST10, COL2A1, STARD13, CLNK, ECSIT, SPATA31B1P, OVCH1, ZNF91, MTNR1A, CHIT1, OR2T12, MAGEA8, ZNF397, TMEM39B, NLRP11, MAGEF1, DSE, DDX46, SGK3, PRR35, THOC2, ATG4C, RAB13, OCLN, DIAPH2, NBPF6, ARHGEF28, SPATS2, DDX60, TDRD6, MLH3, MTRR, VN1R1, TULP3, DSG4, PCSK1, KCNB1, RGS4, RILPL2, NBAS, CFAP97, MED1, CAMK2D, BTNL8, FAM63A, IL21, NFIC, NUP62, SLC25A14, LYG2, MAB21L3, EHMT1, ARFGEF2, LCN9, MUC6, LYZL6, WAS, FHL2, EP400, RBM48, SLC4A3, DNAJC27, KLHL14, MAST2, ABCA1, ARAF, DENND1B, MFF, ZNF268, HMMR, FAM45A, PXN, IRF6, C1QTNF1, HR, KBTBD6, SCN3A, DGAT1, OPN1SW, PREP, NBPF11, UGT2B27P, AHCYL2, COL6A2, PARP14, RP11-255A11.2, UBE2M, TMX2, RIPPLY1, PMAIP1, SLC39A10, S1PR1, CEP95, NOX1, ERAP2, MZT1, TCF7, CFHR5, PLN, CKAP4, TBC1D2, ZNF106, SNORD116-13, KIAA1429, NELL2, ZCCHC9, MYH6, SYT14, TRIM43, SLC29A4, NUBPL, GPRASP2, OR52A5, POLE2, TMEM67, GK, JPH4, SUSD2, ALG6, REV1, ATP1B2, COMMD6, THUMPD1, ZNF614, BARD1, C1orf220, CTNND1, RSBN1L, ACSM2A, CD5L, CD55, ODF1, XYLT1, NPHP1, GPR132, NEO1, AGFG1, CLINT1, USP37, PCDHGA8, RALGPS2, PER2, AMIGO2, FAM105A, GPN3, IL2, TM9SF2, BCL10, CCPG1, ETAA1, ERCC6L, HAUS3, CCNB2, KCTD4, BCL2A1, TBC1D28, ADAMTS1, KCNK6, PPP2R2B, RP11-707O23.5, MYO9A, SLCO4C1, COBLL1, EVC2, AC008984.5, SLC12A1, SNCG, C2CD5, PGM2, RAPGEF5, ZNF337, TRAPPC6B, ITGAL, ANLN, GDF9, HINFP, HSPA4, ZBTB8A, IL12A, ITK, FGF2, SLC38A9, COL4A3BP, OCLM, AOC1, PDE3A, TLE4, FBXL5, IGFN1, PPIL2, RNF170, CD99L2, VENTX, CPNE2, MND1, MGAT5, OR2W5, OR56A4, CCDC88A, NMD3, ZNF474, MMP12, WNT2B, CABYR, ASCC3, FNDC3B, NHS, SLC5A4, CDH19, ARL11, SPATA31C1, ZNF639, MBD4, KDSR, GBP2, OR5T1, ISCU, ESRRG, PNMA1, ABCB8, SEMG1, ITGAM, CFAP69, DNTTIP2, GPR158, BRIP1, MRPS33, CD2AP, THNSL1, CTD-2139B15.2, ABCA8, RAD51B, RRBP1, AKAP10, KNG1, HAUS6, LAPTM4A, C16orf70, FBXL3, RALB, DDX4, TRAF3IP3, FGF14, ALOX5, RANBP6, PLA2G4E, N4BP2L2, RTP4, STYX, DCAF5, NFIL3, APBA2, TBC1D7, ABRA, BBS7, FMR1, INSIG2, TMEM25, AP4E1, ZC3H8, EIF1AX, OR1J1, DDTL, FAM83B, CCDC67, CD101, NEK2, OR13C4, GPR39, KHK, MYL6, ORC6, TENM4, FYN, SH3BP1, PCDH11X, LAS1L, SPATA4, FCER1A, ZNF317, FRA10AC1, METTL21A, SPATA13, USPL1, TRBV30, WNK3, CYP20A1, ITGA2B, RGS3, GTF3C3, FXN, RNF135, MRPS35, STKLD1, ZNF485, NTS, DBR1, PARP9, ANKRD42, SMC4, EVX1, EFHD1, VPS8, BCL11B, DAO, DEGS1, UBN1, FBXL4, NCBP1, TEP1, BTG4, PADI1, ABCB5, POMP, LTBP1, CENPI, SPIRE1, CD99, SRSF1, ADGRF5, ANAPC1P1, PEX19, KIAA0232, MAGEB3, PDE8B, ITIH6, WSCD2, OR5I1, LRRK1, STMN4, C9orf170, CENPF, ZC3HAV1, IFNA7, DYRK4, NRAS, ZNF180, SKA2, HSD17B12, FBXW11, POFUT1, TLR5, CMKLR1, NKX2-2, TCP10L, ZNF142, MS4A12, LPAR3, TRBV19, HPS4, DARS, SRFBP1, UPF3B, ADAM21, WNT8B, SIPA1L2, PRKCB, HBD, VPS26A, CLLU1OS, GTF2H4, ITPR2, VWCE, MYO10, USP34, STRN, METAP2, SEPT4, LRRC25, OR2L13, C21orf62, CCT5, LZTS2, NPSR1, PDSS1, ATP5C1, ADRBK1, SETD2, KAL1, LAMA4, ZBBX, UXT, NACC1, SMARCA1, CCDC114, CTR9, PASK, KIAA1841, TRIML2, HSF5, ZNF271P, TMIGD2, TMPRSS12, UGT2B10, FANCE, PACS2, SEMA3G, TRIM6-TRIM34, FGD4, HPS6, NKD1, TPR, C16orf78, NXNL1, RPL38, CLEC4A, SLC7A7, APC, PCDHB9, CYP17A1, FERMT1, VWA3B, CEP112, SLC3A2, PIK3C2A, SLCO1A2, CASD1, DDX54, DNALI1, DOCK1, MEP1B, NCAM1, DUSP16, KIAA1522, DPAGT1, SLC22A3, EIF2AK2, RRNAD1, C6orf226, ISG20, QTRTD1, OSBPL6, ZNF43, DHTKD1, JMJD8, PDE1A, ZNF451, SERINC1, H6PD, BRINP3, RP11-35N6.1, PNLDC1, GPR85, DYRK2, CNOT4, SLC24A2, EPHA4, ABCB4, RNF17, SGTB, LETMD1, ADAMTS19, KLHL41, SYT4, DLG2, ST8SIA3, LY75-CD302, SH3RF2, FAM98B, GMPS, LVRN, TEX11, SLCO2B1, COL19A1, EI24P4, DYNC2H1, KPNA4, ZNF724P, HAUS5, DOCK9, TSSC2, ADAMTSL3, BMP10, SPANXD, MRC2, XPNPEP2, CA8, COPA, CD40LG, KRTAP6-2, SOCS2, UBASH3A, EFCAB13, TBL1XR1, KCTD20, ZNF652, SPRR2E, XIRP2, CHORDC1, HSPB3, USP24, SIGLEC5, LONRF2, WDR4, KCTD19, FIGNL1, SGIP1, AC005631.1, TGIF1, WDR41, ADAM21P1, PIGP, FAM57B, SPATA9, AXDND1, METTL21C, LAMA3, ZNF100, OR8K5, C4BPA, FAN1, CCDC129, UNC80, DCHS2, SDHAP3, CPA3, DNAJB4, CTSZ, JRKL, TCTN3, MAF, USP6, TRA2A, GCNT2, ACKR3, DPYD, DMRTC2, SPIC, FAM217A, TCF21, CHD8, ILKAP, TEX26, ZNF135, BHLHB9, TLR10, OR5W2, LAMB3, DPF3, DCSTAMP, ZNF331, CNTNAP4, GLIS3, FBXO39, BRD8, ARHGEF5, PRDM2, PDZD11, FANK1, COL11A1, ZNF391, TTC13, ACSL1, TTC5, SLC6A3, ARHGAP9, REEP5, KIF20A, AMPD2, EFNA5, SETD4, SEPT14, RNF125, BMPER, MYCBPAP, FCGR3A, LIMCH1, MAMLD1, SCN1A, GTF2E1, LRRTM3, ZFP3, PBX1, MMP28, CD48, MTBP, CSTL1, COLEC10, CEP97, GNAT2, OR13J1, OR4A16, ARHGAP6, TNFRSF21, ZNF277, CCNT1, BBX, ADAMTS14, CCDC65, ZNF85, SACM1L, SLBP, C17orf64, ENGASE, MYOG, TMEM31, GRP, VPS16, PRICKLE2, HORMAD1, KIF19, XRCC2, CENPK, EPHB4, DNM1, TAAR9, SLIT2, OBFC1, MAPRE1, ANKS1B, TJP1, ZNF366, OR2T33, GDF3, MCMBP, DACH2, EPHA1, PCDH17, CYFIP1, IGSF1, CTTNBP2, MYO1E, CCDC15, ARSB, KMT2E, PIGA, YTHDF3, FRG1B, TRMT11, RTN4IP1, CD109, TBX2, CCZ1, GTF2I, ZNF420, ALMS1, SLC6A9, PKD2L2, SAXO1, ZNF544, DAG1, SLC36A2, SMPDL3A, FAM83H, PPP1CB, TMCO2, ZNF174, RSPO3, C17orf47, PTGR1, ZNF385D, MEI1, HGFAC, KEL, SNX21, TEX43, PALMD, PPP1R8, UCK2, SLC7A3, SCML2, DOK5, CDC16, CLYBL, KRTAP5-2, FBXO4, AADACL2, DGKD, ERCC6, MOK, SLC36A1, INTS10, OR10T2, UCP3, TESPA1, QPCT, CEP83, RPS6KA2, TEK, SPAG8, TSPAN8, FOXP1, NEK11, ALX1, UGP2, GABRB3, BTN2A3P, STARD7, RRP15, ANKRD13C, F5, PCID2, RC3H1, BCL6, TMTC3, MTAP, ZNF431, GMEB1, CAPN6, SLC45A3, KIAA1257, ARHGAP26, MRPL19, EVPLL, HBG1, MYO1F, ZBTB10, OR4D5, AMACR, SEPT8, ZNF721, C17orf104, GNAO1, ZNF624, DDX26B, CD200R1, ICK, HTR3C, SFR1, RP11-108K14.8, RABGAP1, TDP1, SLC9A4, ZNF625, RBMXL1, NRCAM, WBP11, MAP1B, HGD, LAG3, GABRB1, NAV2, CASC4, MON1B, ZC3H6, SLC13A3, RBM44, GPR34, N4BP1, ERI1, FAM183B, SLC7A4, SLC9A6, IGSF3, LARP4, MLK4, MYO18B, DCAF6, MUC4, CHRM5, PBLD, TMTC1, OR5R1, BTN3A1, ATP11C, TRIP12, SLC2A5, SBF2, ACRC, DLGAP5, RBPJL, KIF16B, ITGAV, SSUH2, TSC1, ZMYM3, CAPRIN2, TTC39B, RABGAP1L, UTP14A, ZNF530, SLC16A7, FOXRED1, RASSF2, SOCS5, FOXP2, SELP, DHH, UBFD1, CRYBG3, SPIN2B, PCDHAC1, TUBA3C, OR4A47, MPG, NCL, ZC3HC1, PAX4, CCNA1, ZNF256, DRD2, TIFA, TMEM208, ZNF804A, KRTAP1-1, DDX24, GOT1, IGDCC3, PRAMEF2, FAM3B, IGSF5, PPIH, SAGE1, BRSK2, MYH11, FGR, ICA1L, SPINK5, SLC25A18, ATMIN, CGB7, KANK4, CLSTN1, MYBL1, CETP, KYNU, MAGEA3, ESCO1, MAGEA4, ANKRD36B, SMIM12, PDE6B, PAGE2B, CDHR3, SLC30A9, LAPTM4B, CNTD1, ZNF26, KIAA0430, HOXD13, SPRR2F, LPAR4, MGST3, TUBBP1, DUSP13, FKBP10, CCDC7, FBLN5, ZPBP, TSKS, OR5AP2, THSD1, HAS2, LRRC55, TPD52L3, ATP2C1, TRIT1, CLPX, FAM71F2, PLCD4, WNK4, FDXR, MTUS1, DLX3, UGT8, KANK1, PAFAH1B1, UBE3A, ZNF133, CYP39A1, ANKRD49, SNAPC2, SAMD4A, INTU, ZDHHC2, JPH1, RERE, MYEOV2, VSIG1, LACRT, ZNF285, ZNF680, FREM2, ALG10B, FAM135A, TCEB3, TCP11L1, CMC4, ZNF189, TXLNB, WWP1, CRIM1, CNGB3, HCCS, C4orf17, KDM4D, NMT2, RPSA, HLA-DQA1, AC010203.1, ING2, CLASP1, SNRK, CCDC108, NCAM2, ZNF101, GRHL1, SF3B6, PIFO, WBP11P1, AGGF1, TXN, ST13, CTAGE9, VAC14, HEPACAM, WDR47, ATP13A5, SRPK2, STAMBP, INTS4, CD200R1L, DGCR8, NOA1, CTD-2014E2.5, NLRP7, LRRC2, C9, MTMR2, TUFM, TMPO, MYO1A, PSD4, ZKSCAN8, PLCL1, SLCO2A1, ODC1, TPGS2, PRDM7, LRRCC1, TMEM174, TSPAN18, TTC33, ZZEF1, NRXN3, GBP3, SYTL5, ZYG11B, BEND5, RHBDL2, VSTM4, ZNF354B, AFAP1L1, EZH2, MAGEC1, SGCG, VARS2, ST8SIA2, DCLK3, ARHGAP36, SEMA3A, RAB34, TAF1L, TRBV21OR9-2, ECT2L, OPRL1, ECD, EEA1, TOP2A, C20orf195, EML5, TRAC, NSUN2, TF, IGHV3-72, FCRLB, PRIMPOL, IGF1R, PEX1, CPNE8, EIF6, DPY19L4, GBF1, DNAJC10, NPL, DDR1, IL2RA, CPS1, CMTM7, VIP, ZNF605, IGHV3-15, ABL1, CRIP3, CLTB, FAM49A, OR2A2, ARHGAP24, OR6C70, MAT2B, MUC13, SERPINI2, TRIM50, TEX30, PKD1L2, DGKK, BNIP3, PRDM13, GBP1, PRG4, TMPRSS7, PRDM10, UBASH3B, CLCN4, LUZP2, WDR44, SERPINB5, OR5C1, OR14J1, C1GALT1, RAB9B, RHNO1, ADGRG2, TRNAU1AP, TFDP3, SENP7, PDE11A, ANP32E, DCAF4L1, ZNF629, NPR3, CBFA2T3, HOMER1, GNL2, UBAP1, SIGLEC1, MAP3K9, OPA1, ATXN3L, SIAH3, GFRA1, PDCD1, TLR8, INPP4B, EEF1E1, PIAS1, ZNF83, KAT2B, A4GNT, CASP2, C8orf33, STK31, TLR4, SNAPC3, TRBV3-1, BCKDK, BPIFA3, BMX, TMEM243, VTN, FOXD4L5, SPATA31D5P, ARHGAP35, NAT8, WASF1, LIG1, VGLL4, DOCK4, LIPE, SLC7A11, NR1H4, GRIP2, TAOK2, RNF139, RUNDC3A, CDC73, JMJD7-PLA2G4B, OBP2A, SUB1, BEX4, ZNF670, DRP2, SAR1A, MYO5B, TLK2, NME5, SPATA18, GIMAP8, ADGRD1, MAGEC3, CEP104, KIR3DL2, MPHOSPH10, SIRPG, OR14I1, LRTOMT, CHST11, KIAA0020, SLC24A5, KCNA1, SEMA6C, ACTRT1, SBNO2, SFXN4, MTMR1, DKK3, CLDN19, SH3KBP1, CRABP1, PHOSPHO2, TRIM23, DENND4A, CCZ1B, NPC1, TMEM59, PMFBP1, ASPN, ANK2, HSDL2, ICMT, STK32A, TFAP2A, HYKK, LYN, SLFN11, PPFIBP2, SGOL2, ERMP1, TPST1, ZNF841, MGRN1, MPP1, TXNDC2, PDE6A, CD300LB, FBXL16, EIF2D, ZNF626, SIGMAR1, ATP9B, CEP126, TRBV24-1, ATAD2B, CFLAR, TNFSF18, LAMP2, GALNT12, WASL, IPMK, IMPACT, PDZRN4, DEFB126, DLG5, ARL4A, RNF32, ZBTB41, LIPI, CUZD1, WBSCR17, CCT4, APOOL, CILP, CCDC13, BDKRB1, ALDH8A1, FSIP2, ADRM1, SAXO2, ANAPC4, ASB16, ZNF197, ZNF543, SPARCL1, SFRP5, SOWAHC, LRFN2, CLEC12A, PCDHGA4, STAU1, BNC1, TUBD1, EGFR, FMN1, PSMA7, IL13RA1, TMEM132C, CFTR, ZNF619, RPS7, DCTN4, SERPINC1, SRSF6, PCOLCE2, CCIN, EIF4A2, HEG1, ZC2HC1C, DCAF16, HSP90B3P, C2orf78, TCEA3, TSPEAR, MLLT3, MSTN, ATCAY, ZKSCAN4, OR6T1, ZNF468, GCNT4, PTPN13, POP1, ZMYM4, TGDS, CLNS1A, GPX6, ATP7B, TMX3, CACNA1D, UNC119B, HHIPL2, TTC29, ATP8B1, NT5C1B-RDH14, THEMIS, TMEM186, MIER1, KIAA1456, SEC63, FKRP, SNAP91, CDADC1, GSX2, FBXO3, CPT1B, AGPAT9, CASP8AP2, ZNF789, UGT2B11, EXOC1, MEF2C, PPP4R2, CNR2, ZNF410, OR2D3, DNAJB9, OR1L4, STAG3, DOCK11, ALG13, NOP58, PLS1, RP11-3P17.5, SPTLC1, RRP1, ALMS1P, SND1, UGT1A9, KIF27, KRTAP21-2, AVIL, CCDC89, ADAM23, STARD8, EXOC6B, COX15, DDX60L, TCP1, ZIK1, SP1, LTF, SMG1P1, ANKDD1A, ATRIP, EPHB2, ACSS1, HEXDC, MMP11, MOG, REPS2, SUGCT, XRCC5, LPCAT3, ZNF416, JAK2, ALDH16A1, TAF3, ZNF551, ABCC4, GYS2, KCNK1, LHFPL1, MAP4K3, SEMG2, CNKSR1, BRD1, CES5A, CXorf58, PPP2R2A, OLA1, TBX19, TIA1, ATP8B4, KIF5C, HDAC2, TMEM55A, PDE1C, ASCL1, MMAB, ARL15, SPERT, HTR4, PIEZO2, ACPP, MICU1, RNF20, ATP10A, PPM1H, EIF3A, ADCY10, TACR1, CHGB, PNCK, PPRC1, DHX35, CEP162, OLFML1, CDKL1, CASP7, CIAPIN1, ZNF280A, MACROD2, ERI2, HMGCR, GRIPAP1, KAT6A, ZNF121, MON2, OR7A10, IPCEF1, PLEKHG7, COL6A5, PROSC, CST11, ZNF347, GOLGA6L2, TP73, PPIE, MYL2, NASP, PDCD1LG2, ADAL, CAND1, ST3GAL4, SYNPO, RP11-813I20.2, ZNF862, KCNK15, ABCC12, LAMA2, LPPR2, MYH13, ZP2, UQCRC2, ADGRF1, RNF217-AS1, CDC5L, PPIP5K2, MAT1A, RP11-545J16.1, SV2C, PDCL, ZRSR1, PCF11, COL9A2, PARM1, GJC1, OR4N4, BRD7, ACSL5, ZNF850, BPIFB1, NFATC2, RP11-383M4.6, ZBTB24, ZNF286A, USP47, SEMA3E, CAV2, PSMA4, DYRK1B, BLID, MATN3, ZNF599, KCNT1, ATAD5, CDC14A, TBC1D5, EPHA3, MAPK9, DIAPH3, PCK1, STK24, CA12, OCRL, STAG2, OR8B2, ZNF616, DPY19L2P3, UAP1, USP36, GLI1, ZNF595, CR2, INA, KCNH6, TAS2R20, MTA2, KERA, KIT, CDR1, GLE1, MSI2, COL6A3, USP16, XIAP, GCKR, SMARCA2, CA5BP1, NAA16, RAB3GAP2, AHNAK2, FOLH1, SATB2, ATP7A, USP11, POTEB3, ABCB11, PDC, FAM107B, PCMTD1, GRPEL2, PTPN12, NOL10, TRAPPC2B, ZBTB21, DERL1, SPARC, CNGA1, RBP3, CNDP1, MMP26, CTNNA2, SIX1, IGBP1, BEX2, EDA2R, SLC6A14, OR7D2, SLC1A2, ZNF112, PAPOLB, XPO5, ATP6AP2, COL4A1, GLOD4, CLSTN2, PROM2, ZNF705A, NRIP1, ELL2, ZNF585B, ZNF160, TMCO5A, RBM5, IRF3, TMEM138, CPED1, EIF3F, SLC25A5, DCAF12, GALNT9, IPO4, LSM5, TPD52, TVP23B, RNF207, SIDT1, ACTL6B, CAPRIN1, NTF4, PCDHB3, TNFRSF11B, TMEM183A, PDE9A, FAM221A, CENPE, GABBR1, LMBRD1, MIR518C, XRCC6P5, YBX2, CAGE1, SEPHS1, SNX24, ZNF699, SLC32A1, MPP4, GIN1, SENP3, MAP3K6, KTN1, HDC, PCDHA13, SEMA3D, SNX27, STARD3, FSHR, TMEM259, OR11H6, CCR8, PCOLCE, SPECC1, ADGRB1, SLC9C1, FEM1B, TSPYL5, PGBD1, SCIN, PLEKHG3, USP25, NT5C1A, UPB1, CNNM4, PBX3, CEP55, OR4D2, NBPF25P, SLC46A2, TBC1D21, PTPN11, TRPC5, CDK1, FERMT3, SMG7, SNAP23, SGK2, IL7, SGMS1, AKR7L, AKAP12, C17orf98, FAM209A, CAMSAP1, EXPH5, SPOCK2, TK2, FMNL2, TRIM55, SIRPB2, MYO3B, C5orf42, KRT37, KLHL20, ZDHHC9, RP11-213G2.3, PCSK6, GPC4, PIWIL1, RP11-193H5.1, GALNT5, CEACAM18, XIST, KCNC2, SEPT3, DCLK2, CST8, POC1B-GALNT4, KCNU1, LARP1, RP11-96C23.13, C1GALT1C1, SPACA5B, C3orf20, RFPL1, ZBTB26, SRPX, LAMC3, LRRC16B, EDC3, TANC2, WSB2, ZNF18, TRDMT1, SMG1P7, IL1RAPL2, ATP6V1C1, BMP4, PNISR, ADPGK, CCNI2, AK5, MMP9, POLK, EPHA6, SLC11A2, SLITRK1, ZHX1-C8orf76, CALCOCO2, SLC17A3, FAXDC2, KLC3, CSTA, BDH2, MRPL30, ATP1B3, UBIAD1, OR52N1, TNC, ZNF836, PCDHGB3, HEATR1, CRISP1, ATP2B1, MAGEA11, CASC1, ALG5, FBXO27, KIF3A, METTL17, NOP56, RP11-169L17.5, ROBO3, SLC4A8, ACTR8, KCNIP4, SCN9A, ATAD2, CENPJ, AC073310.4, AL354820.1, BRS3, SIRT1, SLC6A18, ACTG1, NEFM, SMC3, SYCP1, JAKMIP2, KDM3B, KRTAP19-3, CD84, RASL11A, IQUB, ADAM18, BAHD1, KRBOX4, ZXDC, TKTL2, ADAMTS18, EEF1B2, PLXNA4, APEX1, NAA30, TMEM245, CALCOCO1, ANKRD22, THOC5, EIF5, OR2W1, SUSD3, EMG1, GC, ZNF426, GLA, AMBP, ZFYVE9, SS18, FAM47A, PSMA5, ZNF589, TBX3, NDRG1, PLA2G7, YARS2, LRRC48, DDX43, UNC79, ZNF860, POU3F4, SNAPIN, CCT6B, TFE3, HS3ST3A1, TNFRSF11A, OPN5, KLHL23, HUNK, MVB12B, TEC, THADA, DDHD1, PIWIL4, SLC27A1, CDKN2A, CXorf57, FAR1, CIR1, STAT4, ARL14, SQSTM1, ZNF813, ZXDA, MAP3K8, TSR1, IDH2, CRADD, RP11-114H24.7, OR51S1, TRAPPC12, FBXO7, HSPA9, C18orf54, APOL5, SSBP3, APOD, IL36B, TBX4, ZMYND8, ZNF181, SH3YL1, ZNF845, TDRD5, ZNF646, ACTR10, TBC1D32, NLRP9, CHRDL1, KLHL38, ST8SIA4, AKTIP, LARP1B, ERICH3, FBXO18, FANCI, RPGRIP1L, L1TD1, COPS7B, DNAAF1, C8B, KIF4B, SPZ1, ADRBK2, GNLY, ZNF75D, USP29, MTMR8, SCN4A, HMOX1, OR5P2, SRD5A3, CDC6, MTTP, VASH2, OR10AG1, ABCA6, CMTM5, PNPLA7, OXR1, WDR48, COCH, MAST4, SPATA5, KIAA2018, SMARCAD1, ELOVL7, FRMD1, RFX4, DPF2, GTSE1, CYP27C1, MAG, ADRA2B, ZNF658, SLC22A2, H1FX, GAB1, ZNF765, RP11-71H17.7, KCNJ6, IL7R, NHSL2, SKOR1, SLC1A4, MAGEA1, ZNF564, PARP15, PTPN22, RFX7, NFU1, LRRIQ3, GNAI2, BTN3A2, CDHR1, MAP9, SLC18A3, IL1A, ITGA2, GTF2E2, SLC5A6, PLXNC1, TPH1, ELSPBP1, SPANXB1, A2M, ZNF365, HIBADH, CLRN1, RSC1A1","ADCY2, ASTN1, CHD5, IGSF9B, PCDHGA2, ADCK2, AIFM3, AKAP6, AMPH, ANGPTL1, ARAP1, ATP13A4, ATP8B3, BRCA2, C2CD3, C3P1, CACNA1E, CBLB, CD163L1, CDH26, CHD1, CHRNA1, COL4A5, COL9A1, COPB1, CTNNBL1, CYFIP2, CYP2A7, DGKA, DHX32, DLEC1, DNAH8, DSC1, DYTN, EIF2S1, EIF4G1, ESRP1, FCGBP, FGB, FN1, FPGT-TNNI3K, FPR3, FSCN3, GABRA4, GOLGB1, GRID2, GRM1, GTF3C2, HCFC1, HFM1, HSP90AB2P, IQGAP2, ITGA11, KALRN, KCNMA1, KIF4A, KLC1, L3MBTL3, LHCGR, LRP5, LRRC6, LRRC7, LRRIQ1, LZTR1, MACF1, MAGI2, MALSU1, MAP3K15, MCF2L2, MED13L, MEIS2, MGAT4A, MICAL2, MKI67, MUC2, MYBPC1, MYH9, MYO5C, MYO7A, MYSM1, NACAP1, NCKAP1, NDUFAF1, NEB, NLGN4X, NLRP14, NONO, OGT, OR10X1, OR2M2, OR4C16, PABPC5, PARP2, PBRM1, PCDHB10, PCDHB5, PCDHGA9, PCNT, PDE1B, PLXNA2, PNLIPRP1, POF1B, POTEE, PSG4, PTPRZ1, PUS3, QSER1, RALGAPA1, RALGDS, RASEF, RGS14, RNF128, SDK1, SEMA6A, SEPT2, SH3BP4, SLC8A3, SLITRK5, SLU7, SPAG17, SPG11, ST6GALNAC3, STAMBPL1, SULT1A1, SVILP1, SYNJ1, TAF7L, TCHH, TGM4, TIAM1, TLR2, TMEM123, TMEM43, TMUB2, TRAK2, TRIO, TROVE2, TRRAP, TSC22D1, TSHZ3, TUBB1, USP7, VPS13D, YTHDC2, ZMAT3, ZNF25, ZNF407, ZNF449, ZNF536, ZNF658B, ZNF780B, ZP1","ALG1, TADA1, TICRR, CHRNA2, HCP5, WFDC8, CTU2, SFTPB, DCHS1, GSG1L, NCAPD3, B4GALT4, HIST1H3F, FAM92A1, CLIC4, OR4K5, PPFIBP1, LSS, AVEN, NUPL1, HIVEP1, GNB1, MROH2B, HP, TFAP2E, NCF2, LATS2, FAM50B, GAL3ST3, HMGCS2, RNF111, DUOX1, ARHGAP44, PRR5L, FANCD2, ATL3, IFI44, ANKIB1, FUT3, MRPS7, TAPBP, IFNA16, ZSWIM7, DNAJB12, HSPB1, VAT1L, SEMA6D, EXOC3, ALG2, C5orf15, ARHGAP12, SMC2, LRRC37A2, ZNF334, FGF6, H1FNT, TMEM223, AMY2B, CDKN2B, SDE2, IL1R1, GPR182, DUSP19, RAC1, IPO13, CPXM1, CCNE2, KIFC1, CCDC92, SLC25A51, TRPV2, SYT17, ZNF283, NR1I3, PELI2, ACAD10, NDUFB5, FLNC, SERHL2, AKT2, OGFR, PGBD5, ERO1LB, RAP1GAP2, KCNC3, ARMC1, ACRV1, CACNA1H, HTR3E, GRM3, FAM53C, TMEM132B, PARPBP, CNR1, SFRP4, OR10G7, ZNF513, PRDM15, LRRC41, ZNF446, IGKV1-33, GJB3, TPH2, SH3TC2, SIPA1L3, TBC1D25, AHR, ITGA10, MMS22L, OR6A2, ZNF358, TNK2, CDK5RAP3, PLCB3, SALL4, SMARCA5, PAPD7, USP31, F2, TYMS, CABS1, NAP1L1, UROS, PSG8, NFE2L2, EIF3B, HOXA3, PDZD8, PDIA3, GNAI3, AKAP8, BAIAP2L1, CPA6, LRRC8E, ARHGEF2, DIEXF, CD14, TRIM14, AIP, ZKSCAN7, KIAA1161, IFNLR1, DBNDD2, HSPA4L, EGFLAM, SULT1B1, MYO15A, PMF1-BGLAP, PCDHA3, CCDC127, ATP5H, SULF2, MAPK8IP3, CAAP1, GUCD1, YARS, IGHV3-13, C2orf71, PLD3, LYRM2, FAM58A, WHSC1, ULK1, PRR23B, ZNF610, TECPR2, TRGV2, ASUN, RSF1, PUM1, CYP2U1, ZNF574, SOD1, RMDN2, CPLX3, AP3M1, PTX4, FAM21A, SOX3, KIR3DL1, CNPY4, MFN1, AMY2A, FNIP1, NAGLU, ZEB1, KDM6B, HGF, CAP2, PLIN5, VWF, EEPD1, NEFH, ZC3H13, KDM1B, TMEM155, SPIRE2, PRKAR1A, EYA2, NPEPL1, MAPK6, RAD52, INPP5A, TSPAN10, ADGRB2, KIAA0907, GABRA6, CCSAP, RP11-108O10.8, NRXN1, CCT3, RAP1A, PKN1, SYCE1, SLC25A27, RNF167, HELZ, IGFLR1, ATXN2, FAM127B, ITGB4, OR2T27, RNASEH2B, SDR9C7, AGA, EIF4H, JAK3, CLASRP, INSRR, SGK494, HIGD1A, LECT1, RASGRF2, TBK1, CAPN11, DNM2, CHD9, KIAA0195, LTK, SMARCD3, PLS3, HOMEZ, ORC3, LCE2C, SCML1, HDGFRP3, ADAMTS17, RAPGEF3, C14orf79, STPG1, INO80D, CLEC9A, TECR, NMNAT1, GTPBP3, KLF5, ALDH6A1, CHI3L1, PRRT1, JTB, CST5, CTNND2, OTOF, COG4, CSMD1, MS4A7, BFSP2, DCLRE1A, PTPN18, LRRN1, USP50, SORBS3, SLC16A5, NR4A3, DLST, SAMD11, SLCO4A1, STK10, TMEM26, DNAJC14, VSX2, FRMPD4, PGAM1, MAEA, HVCN1, TSGA13, RTF1, RFC4, ASH1L, FAM120A, METTL14, ARHGEF39, COQ7, NPAP1, NPC1L1, ZC3H3, DNER, FARP2, PTPN3, ATP6AP1, B4GALT3, POM121, ACACA, F9, CSNK2A2, PRKCE, SPON2, EIF1, RNF214, PRTG, PFAS, CDK20, C1orf35, PLEKHG1, MAGEA10, APTX, BCAT2, C7orf62, OR4D9, GRN, TASP1, WDR35, PABPC3, PML, SOX5, TTC3, EGR2, PRKD2, KIAA1462, SYNDIG1, GPAT2, FCRL2, USP19, UBP1, PREX1, OLAH, DCDC2B, ARPC1B, CIDECP, ZNF525, KLF6, C1QTNF9, MST1L, PDGFRA, C2orf16, YY2, ADAM9, STK32C, BNC2, TRIM48, SLC27A6, STXBP6, CRBN, THEMIS2, TMCC1, SSU72, C17orf70, KCTD1, PDCL2, PTCRA, STXBP5L, AIM1L, FOLR3, TMPRSS11F, AMOT, OR10K1, ANKS1A, DST, CP, PFKL, NGDN, INPP5E, GATA3, TRMT5, F8, MST1P2, NCOA6, C19orf26, SLC25A51P1, ACIN1, KNDC1, CFL2, OMA1, CD74, MARC2, IDE, WDR88, LANCL1, RALGAPB, BAZ1B, ZNF19, OR4N5, OR6C6, ZNF775, EXOC3L4, C1QBP, MPDZ, PLA2G5, PFKFB2, LELP1, ZFP82, ZIC2, VNN2"
THCA,"HSP90AB1, REST, SF3B1, GALNT7, GLB1L, POLA1, MRE11A, SNX16, NIM1K, SRD5A1, LRRFIP1, ERC1, PLCH1, BLZF1, CEP85, ITGB3, LEPR, AK7, OR4N5, KIAA1551, MXRA5, ROS1, VWA8, ABHD16A, AKAP9, MAP2K6, PRPF38B, ZNF540, CDKAL1, EIF4A2, PPP1R9A, APC",,"CELSR1, SYCE1, UBP1, MUC16, ALPK1, VPS13B, ZNF407"
PRAD,"RAD52, ZBTB2, RNU7-115P, ABHD14A, MIA3, CNTNAP3, SHROOM4, ZNF620, GSTM3, MACC1, MMP27, CDK10, OR10H2, BCL2L13, CSF2RA, SLFN11, STMN2, SYNCRIP, A1BG, FAM107A, CD40, CUL3, HDHD3, MYO15A, OR11H1, GPC5, TGDS, ZNF841, ARHGAP28, MVK, C10orf128, GOLGA3, PLLP, PLIN4, BMP15, PAX6, RAD21, TATDN3, PRAMEF19, PCMTD2, PLD5, BMP3, MIS12, NBPF9, FOXA1, PSG1, FKBP5, HECTD4, CDK14, E2F8, SAMM50, SPAM1, NR4A1, OR5M1, SPOCK1, EPB41L4B, ZKSCAN1, FRMPD2, GPR132, OR10H5, C16orf58, HAUS6, PTPRD, ANXA2R, TYRP1, GTF3C5, RN7SL319P, PRAMEF6, SNRPC, SCN5A, DTX4, HS3ST6, P2RY8, NUP107, MYCBP2, CCDC92, PCID2, ZNF606, RBBP5, TUSC1, GMPR2, PDK4, MSX2, CNTN1, TMEM87B, ACACA, HOXD12, ZNF19, ADORA2A, PGA3, TRO, FAM71B, SRRM5, DAK, CERS5, ARHGAP26, ZNF619, IARS2, XKR9, IFT81, CCDC155, KLHL2P1, HS6ST2, ST3GAL1",RPH3A,"FAM86EP, IRS4, ALKBH4, CEP76, KPNA6, GLTSCR1L, SHROOM3, SUSD6, MAZ, KCNT1, NLRP12, HSD17B4, ABCA1, ARFGEF3, ATP8B4, SND1, ETNPPL, OR5F1, KCNQ5, SYCP2L, DSG1, VAV1, TET1, DIAPH3, MIOS, NRXN1, MYOM2, MED24, CPXM1, P4HA1, GRB7, ZNF37A, KIF19, DCHS1, MYBPHL, CHST11, ADGRV1, SWT1, CDHR1, CDK12, KCNH3, FOXB2, HOGA1, ITPR1, PRSS48, KERA, LPAR3, DAAM1, TMEM102, SRPX, LAIR1, PLEKHA6, DDX50, IFNA13, CSAG3, TMEM132A, USP26, CDH5"
LIHC,"FBXO42, MKI67, EPB41L3, RGL2, MAST4, PLEC, DNAH17, NLRP12, CDKN2A, HSPG2, EGFLAM, SRSF8, CFAP47, CACNA1I, RB1, AXIN1, SAGE1, ATP8A2, CCDC80, CDKN1A, MUC4, NRXN1, CNTN3, FZR1, FOXG1, RYR1, ADAM12, MED12, BCL11A","TP53, LOXHD1","LRP3, TBCD, TTBK1, SF3B1, ZNF398, PCDH7, EMB, RAB6A, MYO18A, AMER1, TRIM49, ZMYM4, LIPH, PHF12, ZFC3H1, DENND2A, CDK5RAP1, SUPT20H, RTKN2, DOCK9, ACAD11, GUCY1B3, ENTHD1, CCDC108, AIM1L, DAO, SETX, ATAD2B, PHKG2, MTOR, PYGO2, CCAR1, CEACAM4, HOXB7, ST8SIA6, DUSP13, CPSF1, AGBL3, PCDHGA8, BMP7, CRISPLD1, C19orf80, AXDND1, CASS4, SORCS3, TBR1, EPHB3, HR, PTPRB, ACAP3, GOSR2, CDH11, SLC24A4, ESRRA, LCE1E, SIMC1, UGT2B27P, OPCML, CCDC57, PIK3R2, TEX14, ATP13A4, DNAH10, EFCAB14, FAM196B"
KIRP,"USP47, ZDHHC14, SVIP, ERCC6L2, SBK1, KLHL9, MATN3, IVNS1ABP, FRG2C, KCNF1, ST8SIA3, CYP11B1, PCDHGA5, RUVBL2, NETO2, SLC35E2, PPP2R3C, THBS2, ZNF735, GNB2, MED24, P3H4, KCNA6, IGKV1-5, PLCH1, DMRTA2, MAP3K4, TRIML2, PHTF2, C16orf91, MORN5, KIF4B, GOLGA6L6, HECTD4, HOXB2, CSF1R, AKIP1, RFFL, ADGB, BMF, RALA, TBC1D14, AP1M2, MAATS1, TGM6, DDX31, ZC3H7A, NRK, ZNF195, TMEM63B, VARS, LLGL1, ALDH4A1, KCNC4, ZNF347, TJAP1, PTPN5, NAA15, FLNB, CDR2L, PIK3R3, WNT2, CRELD2, GOLIM4, RQCD1, PHLDA1, TAS2R50, VIPR1, HAPLN1, SMAD4, GALK1, LIF, GNS, MAN1A2, MAP3K5, UBA3, ZFR2, TTLL12, GPR3, TLE6, ALDH9A1, TSN, GRPR, STAT5B, NDUFAF5, ANKRD27, PCP4L1, PHACTR2, PDLIM5, KCNE5, PIAS3, SIX1, SH2B3, FRMD5, SLITRK2, SLC22A24, TTF1, C2CD4D, SEMA5B, PARVA, TNRC6B, ZNF19, SGOL1, BPIFB3, TSG101, HOGA1, PSG2, ZNF112, MROH5, PPAP2B, FOXN3, SLC26A1, FAM135B, HSPA2, TSACC, PGAM4, BMS1P1, PUS7, GEN1, TBX15",,"GIT2, GRB10, WDR91, NUP210, MAST4, MGAT4B, KRAS, KAT7, C2orf71, COL6A3, FREM2"
KIRC,"SUSD6, PFAS, SPAST, WLS, KIF12, NBEAL2, HSD17B8, PTBP2, SAT1, STAB1, ZC3H12A, ELP2, ANKRD34A, GOLT1A, CHAD, DEFB123, COL19A1, SRC, TRAF7, GBP6, MYF5, ZNF485, ARHGAP11A, PCDHA2, SPACA6P-AS, ESCO1, CDH13, PIGG, SOAT2, CYP2B6, MKS1, ZNF614, ZP1, TUBGCP6, RPLP0, IDS, IGSF9, ACOT8, PTGS1, TMEM167B, UBE4A, UGGT2, PRDM13, TONSL, TRIM28, ANO9, GDF5, SLC25A28, PLCB2, NT5C1B, OBSL1, TP53RK, ALAS1, EXOC4, VIL1, SHKBP1, MMP1, SETDB1, HS3ST3A1, ADGRF1, DYRK4, ZNF32, PPARGC1A, IFNA8, AKAP8L, MLF2, OR2T4, FUCA2, POGZ, WNT3A, RERE, LOH12CR1, SF3B2, HPSE, TMEM192, OSBP, PSMB7, CHD8, XRRA1, TEX26, SHROOM4, PPIL2, TP53I3, SLC4A10, FGF13, IRF2BP2, RNF40, TCF4, ZFP92, PGPEP1, PCDHA3, FAM19A1, HIST1H4E, OR4D1, OR52N4, JMJD6, SOCS3, USP50, NACC1, PCBP1, BPIFB4, CSTF2T, C2orf71, JAK1, TAF1C, LRRC15, UGT2B7, NUCB2, IGHM, NHP2L1, NKAIN3, ACAN, C6orf201, CACNA1E, EP400, TUBB, STAP2, MCF2L2, BRCA1, CYLC1, ATG9B, ST5, TARBP2, MUT, SLC12A6, REM1, FOSB, PLEKHA8P1, WNT10A, PAF1, SLC6A14, MTDH, SHQ1, MPG, TSGA10IP, SNX13, ABCC5, CLK2, H3F3AP5",CCDC14,"BAK1, ICMT, EIF4B, ELAC2, ANP32AP1, GLIS2, BAIAP3, CAPZA2, WRAP73, CSNK1A1P1, ACTL6A, ABL2, HRASLS2, SLC26A2, BRD8, SMARCD2, C2orf81, OR2J2, MYOM2, C17orf70, TDRD6, HMGCL, GJB1, VN1R1, SYCE1, CLHC1, SMARCC2, MTX1, NUDT21, DBN1, ZAN, KLHDC7A, LPO, IQCK, FAAH, PBRM1, USE1, CRAMP1L, DROSHA, SVOPL, RNF6, MED1, NAALADL1, SPPL2B, HIST1H2AC, ZC3H7A, NOX5, ATAD2B, DDX31, CASP8AP2, ITPRIPL2, VHL, RNF150, SNX1, BRIP1, CPEB4, EMC2, CTSA, BUB1B, CCND1, RRBP1, DNASE2, FERMT1, DCXR, LARS2, GEMIN5, C2CD2L, IGHG4, HEATR5B, CARD6, SLC12A8, RBM12B, TENM2, KAT2A, UNG, SMURF1, FAM214A, NAA35, DDX60L, FNIP1, KRT35, CLDN6, UNC80, PRICKLE2, PLXNA1, CCDC36, SPTBN2, NAT1, NEMF, KIAA1549, SARS2, FAM122A, SOCS5, CDH10, ZNF354A, GPR180, ZNF598, SUGP1, RYR2, U2AF1L4, YTHDC2, ACTRT1, AMOTL2, ABR, CHRNA4, PIK3CD, NEUROD2, SRSF8, MADD"
ESCA,"PTPRD, DARS2, RP13-580B18.4, LRP2, NCOA4, RNPC3, MAP2, UBE2A, HAPLN1, ZNF33A, PAPD7, SPIN4, ZNF341, EHD1, NFE2L2, CEP250, SPTA1, LYPLA1, CCNT2, MAP7D2, SLC6A5, ZNF750, SV2C, FMN2, HCAR3, SYNE1, HIST1H2BH, TP53BP2, NBEA, CROCCP2, LPP, TNN, PCDHB7, TP53, CTDSP1",,"FAT2, NAT16, PANK3, SEPHS1P1, SLU7, SMYD3, COLEC11, SLC25A5, PELI3, CDK16, SMCR8, CEACAM20, ZNF71, STK11IP, PIP, RP11-80F22.15, PIK3C3, ACBD5, RGS19, TKTL2, FAM127A, CENPU, UCHL5, PGAM5, OTOP1, LINC00475, MOSPD3, TAS2R13, FAM46A, SYCE3, ZNF732, HMGCR, LRCH3, SIGLEC7, CNTD1, HSD17B13, MRPL38, ASB8, G3BP1, CH17-140K24.8, DNA2, TMEM176B, KIF15, BOC, PUM2, PARP10, EML3, CRELD2, RFPL4A, CIAO1, RSPRY1, SLC25A2, APBB3, PPIP5K1, FAM105A, ENOPH1, PTPN4, SMAD2, MAP3K5, DDX12P, DLC1, MYH15, C19orf54, NAP1L4, MAX, SNX5, NEFL, ZNF33B, TFIP11, TCTN3, ZNF142, OR56A3, RGR, POLR2J4, POLR1A, FOXF1, AKAP12, ARL6, DOK3, NUBP1, TRAV17, PPARD, IRS1, SLITRK4, NDUFA5, PHTF1, NFASC, ZNF135, SNORD115-40, CRIM1, IL18RAP, VWCE, TMEM206, AEBP2, TLR8, TRMT112, GAMT, SLC13A1, FIP1L1, UGT1A5, CCDC114, RP11-356C4.3, SNORD115-29, RAB37, SERPINB4, PPT1, SEC63, MS4A6E, WBP11P1, EFEMP1, ZNF688, TBC1D14, TOMM5, GTF2F1, GPSM2, PGK2, TM7SF3, SSH3, MEX3A, ERICH1, CALML3, SHROOM3, BCKDHB, MAPK13, TRIAP1, THPO, FAM166B, IPO8, ODC1, PTCH1, PPP3CC, PCMTD1, TLR7, RGMA, GLS, DKK4, NXF1, TMC5, PKNOX2, GPR142, PFKFB4, IFNA10, KBTBD4, ZNF720, PLEKHA8, MPL, GOLGA6L10, ZNF300P1, EEPD1, DNM1P46, PGPEP1L, RARRES2, ROR1, ZC3H8, AGPAT4, EPHA1, COX18, NLRC3, KLHL6, PHF20L1, H3F3AP5, KRTAP15-1"
BRCA,"COL1A1, PAGE5, PENK, TRAF3, MSL2, NFIX, STK32A, AC126323.1, ROBO1, UACA, NSF, LINC00299, CYP1B1-AS1, POTEA, FXN, HAL, CENPE, ACTR1A, AASS, GOLGB1, DBN1, ADAMTS18, PGLYRP2, RNF19B, ZSCAN5B, OR52K2, COMMD4, OR1S2, CFAP61, CDC123, SIGLEC7, CDV3, MRPL38, GPD1, CEACAM6, C16orf82, AKAP1, GJD2, WDR38, SNTA1, TRIM42, TTC9C, MAP10, UCP3, SCP2, SSH2, KIF9, PDCL3, SLC2A14, FERMT2, ZNF776, C10orf53, SCAMP3, TAS2R31, COPS3, LRIF1, POFUT1, KLF12, GTDC1, MYADM, ZRSR1, MRAP2, HOXB13, CD177, DPYSL5, CYP11B2, NARF, GLRX2, ABCA17P, LRIG1, EYS, MEIS3, PAPD5, UNC13D, LARP6, ATG4D, PRPF8, MRPL2, FOXO4, ZC3H11A, C2orf81, ZNF252P, GNB2, NUSAP1, SGSM3, MFSD3, SMARCC2, PHC3, HERC6, KIF25, FAM20A, SSX2IP, YLPM1, IFT88, EFEMP1, ZNF441, UGT2B28, MARK1, ITGAM, CD200R1L, ASH1L, ZNF334, MYH4, OR4Q3, NOP58, ABCA5, ARID1A, PREX2, AGAP9, LHX2, CCNT1, CCDC89, RIBC1, TMEM191A, ELL, CDK11A, CPXM1, PYHIN1, PRG2, ZBTB21, DPH1, FAM129C, ANO6, FAM20C, FAM96A, CDCP1, MCM3, GGA1, OR10J3, ITSN2, NBPF11, CHCHD3, NDUFS3, CALML5, VWF, HAND2, KRT78, CCM2, MROH5, TMEM33, LAMB4, DOK1, LIM2","TP53, CAPRIN1, CLIC5, CSF3, GS1-309P15.2, RP11-356C4.3","GDF6, SLC16A6, RPAP2, FBXW7, HCG17, SYNE4, SIRPA, PPM1N, CDH1, LMO1, CSF1, RARG, C18orf8, VSTM2A, CRHR2, RFX5, PPFIA4, HSD11B1, POLDIP3, LIPH, FAM19A4, MSLNL, GATA4, HOXB8, MTSS1L, IGIP, ZFAND2A, LRRC45, CDKL2, SLC25A27, EFNB1, LRAT, C10orf91, RP11-526A4.1, SLC2A6, RIC8B, PIGN, POU2F2, POLR2L, CECR6, CXorf38, BCL11B, RASL12, FAM230B, WDR26, CDK5R2, KCTD15, EDDM3A, ITPRIPL2, ZFHX2, CHST3, MIR6859-3, WSB1, PRKAA1, TBC1D27, DDX51, SFRP1, TCAM1P, UBE2I, NOTCH3, RP11-257K9.8, CSDC2, ZMIZ1, SSTR5-AS1, MB21D2, PRG4, LEFTY1, HMGN4, NDUFA7, HIC2, LUZP2, GAPDH, ILVBL, CABLES2, CHST13, POM121L4P, INSIG1, PBX3, CCR9, LHX1, LINC00326, DAZL, CCDC60, ALDH9A1, OSGIN1, DPH7, FRG2B, TMEM257, YWHAQ, VMP1, EGFR, ZNF517, USP6, CKS1B, GOLGA7, AC011718.2, ANKRD7, FASLG, LCP1, AMER3, SOX11, SHARPIN, COQ9, BLK, ZIC5, WNT8B, DGCR5, TRAV16, PSMB11, NAPA, BACH2, MTIF2, NCKAP5, PIK3CA, RP11-551L14.1, NHLH2, EFR3B, ZFYVE16, FAM136BP, SMURF2, C9orf57, CCDC144NL-AS1, CTBP2, NANOS1, GPR26, PM20D2, FIS1, PCYT2, U2AF2, VAMP5, KLHL26, CYP1B1, SLC1A1, RP11-766F14.2, GBP2, HSH2D, AFTPH, C15orf41, RRP1B, HNRNPA3, TRIQK, LCE3C, AC097374.2, LRIT1, SMURF2P1, THSD4, OR13A1, TMEM144, CMTM4, FAM43A, TMC4, PUM1, C8orf4, SMG1P7, NR1H4, FGF6, FAM69A, EID3, TRIOBP, GOLGA2, RP5-905H7.11, LCMT2, CDK18, PLXNB3, CCDC65, RBBP9, RYBP, LINC00301, FOXO3, PAMR1, SLC22A5, FLJ36000, SLC22A3, ZNF547, ASTL, BAG4, CAMK2B, SOCS5, HIST1H2BM, CD200, H6PD, CYP27A1, PRKCE, NIPBL, MIRLET7BHG, PTPRVP, LRRC3, MRPL3, TRIM51, MSX1, SLC4A4, CHTF8, LINC00493, TAS2R19, WDR70, RAB23"
BLCA,"HTR1A, SPATA31A3, IQCD, MED13, BAIAP3, PXK, TAS2R3, ZNF554, CRBN, ACAP1, STAG2, PAGE1, TRAPPC9, UGT1A5, SNRNP40, STK10, FKBP6, RP11-434D2.2, WDR37, KYNU, L3HYPDH, RIOK3, CASP7, EIF3M, RAB5B, C15orf41, PRPSAP2, NXNL1, DNAH8, FAM189B, XIRP2, CCNK, NOTUM, TRIM56, PSMD5, WNT5B, DYX1C1, TRAV8-4, PCOLCE, ITGB3BP, NTN5, PDCD1LG2, FAM195A, FAM177B, UBASH3B, ALB, FGF21, PILRB, ZNF787, QPRT, MAP3K7CL, OR52B4, SLC35B1, TTN, HIGD2B, HAVCR1, ASAH1, DCHS2, HRAS, EPHA7, TFF3, SUGCT, GSG2, ZBTB32, EVA1C, HP1BP3, MOB1B, SEMA6C, ZNF416, SNAP23, VCX3B, PARVG, PPP1R3B, IL17RE, CLK2P1, TP53",ARID1A,"TMEM151A, PI4KB, ST6GAL1, OR5D18, ZC3H15, AVPR1A, SYT16, IFNLR1, TRAV13-1, CR1, GOT1L1, GSS, CTSG, STIP1, ITGA2B, ZDHHC20, ANO4, AADACL3, KLHL38, ZFYVE1, IRX5, SULT1C4, MPZ, PSMC3, CPNE7, SMU1, TBL1X, MSANTD2, SNX2, OCIAD1, RIPPLY3, TRIM11, COL4A6, FBP1, TNFSF10, KIAA1324, CDKL1, KRT36, BCAS3, ZNF697, MAGOH, GRIPAP1, POLR3H, NSMCE1, ANXA7, MYEF2, CCDC85A, RPLP0, ASPHD1, RBFOX1, BIRC7, NAALAD2, CPLX3, SLC26A11, TBC1D17, CS, FGFBP2, TRAV36DV7, XXYLT1, TSHZ3, PHLDA1, TSHZ1, TTC21A, ATP8A2, ZNF765, CYTH4, KCNK15, SCARA3, HIST1H3H, BRI3BP, TMCO4, SPECC1L, NRP1, HPN, FFAR3, MANBA, TMEM8A, PTPN21, GLYATL2, MYCL, SLC35F3, CMKLR1, CHST8, UBN2, SLC1A2, PAX7, NLRP6, CASC1, CYB5A, GFOD2, ITPKA, GGA3, CHRNA5, ADAM29, OR3A2, ZMYM1, MGAT3, GNAO1"
